scheme,backend,backend_rate_inv,runner,opening,workers,nv,polynomial_length,commit_ms,open_ms,verify_ms,prover_ms,proof_kib,communication_kib,verifier_communication_kib,scheme_reported_communication_kib,communication_basis,communication_cost_kib,communication_cost_basis,communication_bytes,verifier_communication_bytes,scheme_reported_communication_bytes,network_commit_bytes,network_open_bytes,network_bytes,paper_worker_commit_max_ms,paper_worker_commit_sum_ms,paper_worker_open_max_ms,paper_worker_open_sum_ms,paper_master_assemble_ms,paper_worker_verify_max_ms,paper_worker_verify_sum_ms,paper_master_verify_ms,paper_batch_claim_ms,paper_batch_sumcheck_ms,paper_batch_combined_open_ms,paper_batch_merkle_ms,paper_batch_verify_ms,paper_individual_worker_proof_count,paper_batched_proof_count,worker_local_compute_ms,end_to_end_open_proof_ms,worker_local_speedup,end_to_end_open_speedup,batch_claim_count,batch_open_ms,batch_verify_ms,batch_proof_bytes,effective_query_count,column_query_count,pcs_query_count,query_security_bits,algebraic_security_bits,query_count_semantics,query_count_target,host_logical_cores,max_workers,cores_per_worker,backend_source,field,hash,code_rate_log,security_target_bits,security_effective_bits,security_exact,source_rev,verified,failure_reason,source
depcs-deepfold-paper-protocol11,deepfold,2,paper-network-protocol11,protocol11,2,18,262144,76.9517,97.7461,16.1838,174.6978,452.2734375,446.7421875,452.2734375,,master_worker_sent_recv,446.7421875,master_worker_sent_recv,457464.0,463128.0,,3732.0,453732.0,457464.0,76.6934,152.8952,76.0934,149.2548,3.229,12.7893,25.5762,16.1813,0.0,0.0,0.0,0.0,0.0,2.0,2.0,76.9517,97.7461,1.0,1.0,16.0,97.7461,16.1838,459436.0,100.0,100.0,100.0,100.0,122.0,paper-backed-protocol11-artifact,100,20,2,10,deepfold-bench-v0.1-paper-artifact,Mersenne61Ext,Blake3,1,100,100,true,e4245da33690a9e2afe8f0c1e237b2edde88f6ba,1,,C:\Projects\pq_dSNARK\results\depcs-fiveway-paper-protocol11-relation-proof-nv18-24-w2\pcs-bench-1782401340335; pcs_queries_requested=1; master_RAYON_NUM_THREADS=20; worker_process_RAYON_NUM_THREADS=10; PQ_CORES_PER_WORKER=10; query_count_semantics=paper-backed-protocol11-artifact
depcs-deepfold-paper-protocol11,deepfold,2,paper-network-protocol11,protocol11,2,19,524288,175.2908,132.722,27.847,308.01279999999997,531.6015625,525.7109375,531.6015625,,master_worker_sent_recv,525.7109375,master_worker_sent_recv,538328.0,544360.0,,3828.0,534500.0,538328.0,174.9197,334.8715,128.3979,250.6071,3.5695,23.8401,46.6442,27.8421,0.0,0.0,0.0,0.0,0.0,2.0,2.0,175.2908,132.722,1.0,1.0,16.0,132.722,27.847,540572.0,100.0,100.0,100.0,100.0,122.0,paper-backed-protocol11-artifact,100,20,2,10,deepfold-bench-v0.1-paper-artifact,Mersenne61Ext,Blake3,1,100,100,true,e4245da33690a9e2afe8f0c1e237b2edde88f6ba,1,,C:\Projects\pq_dSNARK\results\depcs-fiveway-paper-protocol11-relation-proof-nv18-24-w2\pcs-bench-1782401341804; pcs_queries_requested=1; master_RAYON_NUM_THREADS=20; worker_process_RAYON_NUM_THREADS=10; PQ_CORES_PER_WORKER=10; query_count_semantics=paper-backed-protocol11-artifact
depcs-deepfold-paper-protocol11,deepfold,2,paper-network-protocol11,protocol11,2,20,1048576,326.1718,247.0871,47.4483,573.2589,613.3515625,607.1015625,613.3515625,,master_worker_sent_recv,607.1015625,master_worker_sent_recv,621672.0,628072.0,,3924.0,617748.0,621672.0,325.8966,646.6799,242.0923,479.7201,4.2173,42.9247,83.8048,47.4458,0.0,0.0,0.0,0.0,0.0,2.0,2.0,326.1718,247.0871,1.0,1.0,16.0,247.0871,47.4483,624188.0,100.0,100.0,100.0,100.0,122.0,paper-backed-protocol11-artifact,100,20,2,10,deepfold-bench-v0.1-paper-artifact,Mersenne61Ext,Blake3,1,100,100,true,e4245da33690a9e2afe8f0c1e237b2edde88f6ba,1,,C:\Projects\pq_dSNARK\results\depcs-fiveway-paper-protocol11-relation-proof-nv18-24-w2\pcs-bench-1782401343373; pcs_queries_requested=1; master_RAYON_NUM_THREADS=20; worker_process_RAYON_NUM_THREADS=10; PQ_CORES_PER_WORKER=10; query_count_semantics=paper-backed-protocol11-artifact
depcs-deepfold-paper-protocol11,deepfold,2,paper-network-protocol11,protocol11,2,21,2097152,663.3631,435.9054,87.4823,1099.2685000000001,704.2421875,697.6328125,704.2421875,,master_worker_sent_recv,697.6328125,master_worker_sent_recv,714376.0,721144.0,,4020.0,710356.0,714376.0,663.0845,1324.508,430.1666,852.3099,4.882,81.801,162.4011,87.479,0.0,0.0,0.0,0.0,0.0,2.0,2.0,663.3631,435.9054,1.0,1.0,16.0,435.9054,87.4823,717164.0,100.0,100.0,100.0,100.0,122.0,paper-backed-protocol11-artifact,100,20,2,10,deepfold-bench-v0.1-paper-artifact,Mersenne61Ext,Blake3,1,100,100,true,e4245da33690a9e2afe8f0c1e237b2edde88f6ba,1,,C:\Projects\pq_dSNARK\results\depcs-fiveway-paper-protocol11-relation-proof-nv18-24-w2\pcs-bench-1782401345215; pcs_queries_requested=1; master_RAYON_NUM_THREADS=20; worker_process_RAYON_NUM_THREADS=10; PQ_CORES_PER_WORKER=10; query_count_semantics=paper-backed-protocol11-artifact
depcs-deepfold-paper-protocol11,deepfold,2,paper-network-protocol11,protocol11,2,22,4194304,1391.2657,922.0227,196.7488,2313.2884,799.1328125,792.1640625,799.1328125,,master_worker_sent_recv,792.1640625,master_worker_sent_recv,811176.0,818312.0,,4116.0,807060.0,811176.0,1390.7613,2765.974,912.0668,1786.3361,7.6741,189.9858,378.7638,196.7438,0.0,0.0,0.0,0.0,0.0,2.0,2.0,1391.2657,922.0227,1.0,1.0,16.0,922.0227,196.7488,814236.0,100.0,100.0,100.0,100.0,122.0,paper-backed-protocol11-artifact,100,20,2,10,deepfold-bench-v0.1-paper-artifact,Mersenne61Ext,Blake3,1,100,100,true,e4245da33690a9e2afe8f0c1e237b2edde88f6ba,1,,C:\Projects\pq_dSNARK\results\depcs-fiveway-paper-protocol11-relation-proof-nv18-24-w2\pcs-bench-1782401347644; pcs_queries_requested=1; master_RAYON_NUM_THREADS=20; worker_process_RAYON_NUM_THREADS=10; PQ_CORES_PER_WORKER=10; query_count_semantics=paper-backed-protocol11-artifact
depcs-deepfold-paper-protocol11,deepfold,2,paper-network-protocol11,protocol11,2,23,8388608,3086.4962,1910.1211,404.631,4996.6173,901.6328125,894.3046875,901.6328125,,master_worker_sent_recv,894.3046875,master_worker_sent_recv,915768.0,923272.0,,4212.0,911556.0,915768.0,3086.1584,6086.0503,1901.1418,3767.0568,7.6591,397.8529,781.558,404.6279,0.0,0.0,0.0,0.0,0.0,2.0,2.0,3086.4962,1910.1211,1.0,1.0,16.0,1910.1211,404.631,919100.0,100.0,100.0,100.0,100.0,122.0,paper-backed-protocol11-artifact,100,20,2,10,deepfold-bench-v0.1-paper-artifact,Mersenne61Ext,Blake3,1,100,100,true,e4245da33690a9e2afe8f0c1e237b2edde88f6ba,1,,C:\Projects\pq_dSNARK\results\depcs-fiveway-paper-protocol11-relation-proof-nv18-24-w2\pcs-bench-1782401351444; pcs_queries_requested=1; master_RAYON_NUM_THREADS=20; worker_process_RAYON_NUM_THREADS=10; PQ_CORES_PER_WORKER=10; query_count_semantics=paper-backed-protocol11-artifact
depcs-deepfold-paper-protocol11,deepfold,2,paper-network-protocol11,protocol11,2,24,16777216,7734.7756,4325.8426,795.0247,12060.6182,995.2734375,987.5859375,995.2734375,,master_worker_sent_recv,987.5859375,master_worker_sent_recv,1011288.0,1019160.0,,4308.0,1006980.0,1011288.0,7734.3877,15307.4738,4316.8187,8598.9804,7.3709,785.1084,1569.6567,795.0199,0.0,0.0,0.0,0.0,0.0,2.0,2.0,7734.7756,4325.8426,1.0,1.0,16.0,4325.8426,795.0247,1014892.0,100.0,100.0,100.0,100.0,122.0,paper-backed-protocol11-artifact,100,20,2,10,deepfold-bench-v0.1-paper-artifact,Mersenne61Ext,Blake3,1,100,100,true,e4245da33690a9e2afe8f0c1e237b2edde88f6ba,1,,C:\Projects\pq_dSNARK\results\depcs-fiveway-paper-protocol11-relation-proof-nv18-24-w2\pcs-bench-1782401358157; pcs_queries_requested=1; master_RAYON_NUM_THREADS=20; worker_process_RAYON_NUM_THREADS=10; PQ_CORES_PER_WORKER=10; query_count_semantics=paper-backed-protocol11-artifact
depcs-basefold-paper-protocol11,basefold,8,paper-network-protocol11,protocol11,2,18,262144,353.6113,196.7376,48.1871,550.3489,700.0546875,695.1171875,700.0546875,,master_worker_sent_recv,695.1171875,master_worker_sent_recv,711800.0,716856.0,,4036.0,707764.0,711800.0,353.2942,692.7073,190.7827,380.232,4.6684,42.6679,84.0438,48.1812,0.0,0.0,0.0,0.0,0.0,2.0,2.0,353.6113,196.7376,1.0,1.0,16.0,196.7376,48.1871,712860.0,121.0,121.0,121.0,100.0,122.0,paper-backed-protocol11-artifact,121,20,2,10,deepfold-bench-v0.1-paper-artifact,Mersenne61Ext,Blake3,3,100,100,true,e4245da33690a9e2afe8f0c1e237b2edde88f6ba,1,,C:\Projects\pq_dSNARK\results\depcs-fiveway-paper-protocol11-relation-proof-nv18-24-w2\pcs-bench-1782401372417; pcs_queries_requested=1; master_RAYON_NUM_THREADS=20; worker_process_RAYON_NUM_THREADS=10; PQ_CORES_PER_WORKER=10; query_count_semantics=paper-backed-protocol11-artifact
depcs-basefold-paper-protocol11,basefold,8,paper-network-protocol11,protocol11,2,19,524288,666.7894,391.7732,86.9285,1058.5626,808.0546875,802.7578125,808.0546875,,master_worker_sent_recv,802.7578125,master_worker_sent_recv,822024.0,827448.0,,4132.0,817892.0,822024.0,666.4773,1316.3715,383.7733,766.2658,5.674,81.0975,156.4529,86.9247,0.0,0.0,0.0,0.0,0.0,2.0,2.0,666.7894,391.7732,1.0,1.0,16.0,391.7732,86.9285,823356.0,121.0,121.0,121.0,100.0,122.0,paper-backed-protocol11-artifact,121,20,2,10,deepfold-bench-v0.1-paper-artifact,Mersenne61Ext,Blake3,3,100,100,true,e4245da33690a9e2afe8f0c1e237b2edde88f6ba,1,,C:\Projects\pq_dSNARK\results\depcs-fiveway-paper-protocol11-relation-proof-nv18-24-w2\pcs-bench-1782401374282; pcs_queries_requested=1; master_RAYON_NUM_THREADS=20; worker_process_RAYON_NUM_THREADS=10; PQ_CORES_PER_WORKER=10; query_count_semantics=paper-backed-protocol11-artifact
depcs-basefold-paper-protocol11,basefold,8,paper-network-protocol11,protocol11,2,20,1048576,1308.4294,698.7025,174.6956,2007.1318999999999,910.0859375,904.4296875,910.0859375,,master_worker_sent_recv,904.4296875,master_worker_sent_recv,926136.0,931928.0,,4228.0,921908.0,926136.0,1308.1489,2588.4475,691.0127,1380.6426,6.0528,167.6128,334.3757,174.6915,0.0,0.0,0.0,0.0,0.0,2.0,2.0,1308.4294,698.7025,1.0,1.0,16.0,698.7025,174.6956,927740.0,121.0,121.0,121.0,100.0,122.0,paper-backed-protocol11-artifact,121,20,2,10,deepfold-bench-v0.1-paper-artifact,Mersenne61Ext,Blake3,3,100,100,true,e4245da33690a9e2afe8f0c1e237b2edde88f6ba,1,,C:\Projects\pq_dSNARK\results\depcs-fiveway-paper-protocol11-relation-proof-nv18-24-w2\pcs-bench-1782401376649; pcs_queries_requested=1; master_RAYON_NUM_THREADS=20; worker_process_RAYON_NUM_THREADS=10; PQ_CORES_PER_WORKER=10; query_count_semantics=paper-backed-protocol11-artifact
depcs-basefold-paper-protocol11,basefold,8,paper-network-protocol11,protocol11,2,21,2097152,2812.6501,1418.8748,306.9489,4231.5249,1026.8671875,1020.8515625,1026.8671875,,master_worker_sent_recv,1020.8515625,master_worker_sent_recv,1045352.0,1051512.0,,4324.0,1041028.0,1045352.0,2812.2584,5551.3252,1410.2713,2804.9007,6.6311,299.8326,599.2096,306.9452,0.0,0.0,0.0,0.0,0.0,2.0,2.0,2812.6501,1418.8748,1.0,1.0,16.0,1418.8748,306.9489,1047228.0,121.0,121.0,121.0,100.0,122.0,paper-backed-protocol11-artifact,121,20,2,10,deepfold-bench-v0.1-paper-artifact,Mersenne61Ext,Blake3,3,100,100,true,e4245da33690a9e2afe8f0c1e237b2edde88f6ba,1,,C:\Projects\pq_dSNARK\results\depcs-fiveway-paper-protocol11-relation-proof-nv18-24-w2\pcs-bench-1782401380108; pcs_queries_requested=1; master_RAYON_NUM_THREADS=20; worker_process_RAYON_NUM_THREADS=10; PQ_CORES_PER_WORKER=10; query_count_semantics=paper-backed-protocol11-artifact
depcs-basefold-paper-protocol11,basefold,8,paper-network-protocol11,protocol11,2,22,4194304,5331.0454,2804.9842,627.7018,8136.0296,1163.0546875,1156.6796875,1163.0546875,,master_worker_sent_recv,1156.6796875,master_worker_sent_recv,1184440.0,1190968.0,,4420.0,1180020.0,1184440.0,5330.7319,10602.7089,2794.8428,5557.6172,8.1177,619.7775,1238.9786,627.6982,0.0,0.0,0.0,0.0,0.0,2.0,2.0,5331.0454,2804.9842,1.0,1.0,16.0,2804.9842,627.7018,1186588.0,121.0,121.0,121.0,100.0,122.0,paper-backed-protocol11-artifact,121,20,2,10,deepfold-bench-v0.1-paper-artifact,Mersenne61Ext,Blake3,3,100,100,true,e4245da33690a9e2afe8f0c1e237b2edde88f6ba,1,,C:\Projects\pq_dSNARK\results\depcs-fiveway-paper-protocol11-relation-proof-nv18-24-w2\pcs-bench-1782401385943; pcs_queries_requested=1; master_RAYON_NUM_THREADS=20; worker_process_RAYON_NUM_THREADS=10; PQ_CORES_PER_WORKER=10; query_count_semantics=paper-backed-protocol11-artifact
depcs-basefold-paper-protocol11,basefold,8,paper-network-protocol11,protocol11,2,23,8388608,11015.1182,7953.856,1210.3688,18968.9742,1297.3671875,1290.6328125,1297.3671875,,master_worker_sent_recv,1290.6328125,master_worker_sent_recv,1321608.0,1328504.0,,4516.0,1317092.0,1321608.0,11014.73,21931.996,7942.7142,15573.8879,9.3511,1201.3472,2395.0256,1210.3647,0.0,0.0,0.0,0.0,0.0,2.0,2.0,11015.1182,7953.856,1.0,1.0,16.0,7953.856,1210.3688,1324028.0,121.0,121.0,121.0,100.0,122.0,paper-backed-protocol11-artifact,121,20,2,10,deepfold-bench-v0.1-paper-artifact,Mersenne61Ext,Blake3,3,100,100,true,e4245da33690a9e2afe8f0c1e237b2edde88f6ba,1,,C:\Projects\pq_dSNARK\results\depcs-fiveway-paper-protocol11-relation-proof-nv18-24-w2\pcs-bench-1782401396062; pcs_queries_requested=1; master_RAYON_NUM_THREADS=20; worker_process_RAYON_NUM_THREADS=10; PQ_CORES_PER_WORKER=10; query_count_semantics=paper-backed-protocol11-artifact
depcs-basefold-paper-protocol11,basefold,8,paper-network-protocol11,protocol11,2,24,16777216,34470.952,39170.7866,2595.2156,73641.7386,1438.9609375,1431.8671875,1438.9609375,,master_worker_sent_recv,1431.8671875,master_worker_sent_recv,1466232.0,1473496.0,,4612.0,1461620.0,1466232.0,34469.6506,68754.8167,39156.4572,75068.0031,9.8456,2583.852,5166.5328,2595.2067,0.0,0.0,0.0,0.0,0.0,2.0,2.0,34470.952,39170.7866,1.0,1.0,16.0,39170.7866,2595.2156,1468924.0,121.0,121.0,121.0,100.0,122.0,paper-backed-protocol11-artifact,121,20,2,10,deepfold-bench-v0.1-paper-artifact,Mersenne61Ext,Blake3,3,100,100,true,e4245da33690a9e2afe8f0c1e237b2edde88f6ba,1,,C:\Projects\pq_dSNARK\results\depcs-fiveway-paper-protocol11-relation-proof-nv18-24-w2\pcs-bench-1782401417943; pcs_queries_requested=1; master_RAYON_NUM_THREADS=20; worker_process_RAYON_NUM_THREADS=10; PQ_CORES_PER_WORKER=10; query_count_semantics=paper-backed-protocol11-artifact
depcs-deepfold-paper-protocol11-batch,deepfold,2,paper-network-protocol11-batch,protocol11-batch,2,18,262144,0.0,0.0,0.0,0.0,0.0,,,,not_applicable,,unknown,,,,,,,0.0,0.0,0.0,0.0,0.0,0.0,0.0,0.0,0.0,0.0,0.0,0.0,0.0,0.0,0.0,,,,,,,,,,,,,,query-unified,1,20,2,10,deepfold-bench-v0.1-paper-artifact,Mersenne61Ext,Blake3,1,100,0,false,deepfold-bench-v0.1,blocked,"batch_unavailable_deepfold_artifact_native_batch_api_missing: LigeSIS batch/multi-open requires ark_ff::PrimeField + HasQuadraticExtension, while paper dePCS uses DeepFold artifact Mersenne61Ext/RandomOracle/Merkle; refusing to swap backend or use digest-only Protocol10/11 placeholders",blocked fair-sequential row
depcs-deepfold-paper-protocol11-batch,deepfold,2,paper-network-protocol11-batch,protocol11-batch,2,19,524288,0.0,0.0,0.0,0.0,0.0,,,,not_applicable,,unknown,,,,,,,0.0,0.0,0.0,0.0,0.0,0.0,0.0,0.0,0.0,0.0,0.0,0.0,0.0,0.0,0.0,,,,,,,,,,,,,,query-unified,1,20,2,10,deepfold-bench-v0.1-paper-artifact,Mersenne61Ext,Blake3,1,100,0,false,deepfold-bench-v0.1,blocked,"batch_unavailable_deepfold_artifact_native_batch_api_missing: LigeSIS batch/multi-open requires ark_ff::PrimeField + HasQuadraticExtension, while paper dePCS uses DeepFold artifact Mersenne61Ext/RandomOracle/Merkle; refusing to swap backend or use digest-only Protocol10/11 placeholders",blocked fair-sequential row
depcs-deepfold-paper-protocol11-batch,deepfold,2,paper-network-protocol11-batch,protocol11-batch,2,20,1048576,0.0,0.0,0.0,0.0,0.0,,,,not_applicable,,unknown,,,,,,,0.0,0.0,0.0,0.0,0.0,0.0,0.0,0.0,0.0,0.0,0.0,0.0,0.0,0.0,0.0,,,,,,,,,,,,,,query-unified,1,20,2,10,deepfold-bench-v0.1-paper-artifact,Mersenne61Ext,Blake3,1,100,0,false,deepfold-bench-v0.1,blocked,"batch_unavailable_deepfold_artifact_native_batch_api_missing: LigeSIS batch/multi-open requires ark_ff::PrimeField + HasQuadraticExtension, while paper dePCS uses DeepFold artifact Mersenne61Ext/RandomOracle/Merkle; refusing to swap backend or use digest-only Protocol10/11 placeholders",blocked fair-sequential row
depcs-deepfold-paper-protocol11-batch,deepfold,2,paper-network-protocol11-batch,protocol11-batch,2,21,2097152,0.0,0.0,0.0,0.0,0.0,,,,not_applicable,,unknown,,,,,,,0.0,0.0,0.0,0.0,0.0,0.0,0.0,0.0,0.0,0.0,0.0,0.0,0.0,0.0,0.0,,,,,,,,,,,,,,query-unified,1,20,2,10,deepfold-bench-v0.1-paper-artifact,Mersenne61Ext,Blake3,1,100,0,false,deepfold-bench-v0.1,blocked,"batch_unavailable_deepfold_artifact_native_batch_api_missing: LigeSIS batch/multi-open requires ark_ff::PrimeField + HasQuadraticExtension, while paper dePCS uses DeepFold artifact Mersenne61Ext/RandomOracle/Merkle; refusing to swap backend or use digest-only Protocol10/11 placeholders",blocked fair-sequential row
depcs-deepfold-paper-protocol11-batch,deepfold,2,paper-network-protocol11-batch,protocol11-batch,2,22,4194304,0.0,0.0,0.0,0.0,0.0,,,,not_applicable,,unknown,,,,,,,0.0,0.0,0.0,0.0,0.0,0.0,0.0,0.0,0.0,0.0,0.0,0.0,0.0,0.0,0.0,,,,,,,,,,,,,,query-unified,1,20,2,10,deepfold-bench-v0.1-paper-artifact,Mersenne61Ext,Blake3,1,100,0,false,deepfold-bench-v0.1,blocked,"batch_unavailable_deepfold_artifact_native_batch_api_missing: LigeSIS batch/multi-open requires ark_ff::PrimeField + HasQuadraticExtension, while paper dePCS uses DeepFold artifact Mersenne61Ext/RandomOracle/Merkle; refusing to swap backend or use digest-only Protocol10/11 placeholders",blocked fair-sequential row
depcs-deepfold-paper-protocol11-batch,deepfold,2,paper-network-protocol11-batch,protocol11-batch,2,23,8388608,0.0,0.0,0.0,0.0,0.0,,,,not_applicable,,unknown,,,,,,,0.0,0.0,0.0,0.0,0.0,0.0,0.0,0.0,0.0,0.0,0.0,0.0,0.0,0.0,0.0,,,,,,,,,,,,,,query-unified,1,20,2,10,deepfold-bench-v0.1-paper-artifact,Mersenne61Ext,Blake3,1,100,0,false,deepfold-bench-v0.1,blocked,"batch_unavailable_deepfold_artifact_native_batch_api_missing: LigeSIS batch/multi-open requires ark_ff::PrimeField + HasQuadraticExtension, while paper dePCS uses DeepFold artifact Mersenne61Ext/RandomOracle/Merkle; refusing to swap backend or use digest-only Protocol10/11 placeholders",blocked fair-sequential row
depcs-deepfold-paper-protocol11-batch,deepfold,2,paper-network-protocol11-batch,protocol11-batch,2,24,16777216,0.0,0.0,0.0,0.0,0.0,,,,not_applicable,,unknown,,,,,,,0.0,0.0,0.0,0.0,0.0,0.0,0.0,0.0,0.0,0.0,0.0,0.0,0.0,0.0,0.0,,,,,,,,,,,,,,query-unified,1,20,2,10,deepfold-bench-v0.1-paper-artifact,Mersenne61Ext,Blake3,1,100,0,false,deepfold-bench-v0.1,blocked,"batch_unavailable_deepfold_artifact_native_batch_api_missing: LigeSIS batch/multi-open requires ark_ff::PrimeField + HasQuadraticExtension, while paper dePCS uses DeepFold artifact Mersenne61Ext/RandomOracle/Merkle; refusing to swap backend or use digest-only Protocol10/11 placeholders",blocked fair-sequential row
depcs-basefold-paper-protocol11-batch,basefold,8,paper-network-protocol11-batch,protocol11-batch,2,18,262144,0.0,0.0,0.0,0.0,0.0,,,,not_applicable,,unknown,,,,,,,0.0,0.0,0.0,0.0,0.0,0.0,0.0,0.0,0.0,0.0,0.0,0.0,0.0,0.0,0.0,,,,,,,,,,,,,,query-unified,1,20,2,10,deepfold-bench-v0.1-paper-artifact,Mersenne61Ext,Blake3,3,100,0,false,deepfold-bench-v0.1,blocked,batch_unavailable_basefold_artifact_no_batch_api: BaseFold artifact exposes only single-polynomial prove/verify; refusing to emulate batch with individual worker proofs,blocked fair-sequential row
depcs-basefold-paper-protocol11-batch,basefold,8,paper-network-protocol11-batch,protocol11-batch,2,19,524288,0.0,0.0,0.0,0.0,0.0,,,,not_applicable,,unknown,,,,,,,0.0,0.0,0.0,0.0,0.0,0.0,0.0,0.0,0.0,0.0,0.0,0.0,0.0,0.0,0.0,,,,,,,,,,,,,,query-unified,1,20,2,10,deepfold-bench-v0.1-paper-artifact,Mersenne61Ext,Blake3,3,100,0,false,deepfold-bench-v0.1,blocked,batch_unavailable_basefold_artifact_no_batch_api: BaseFold artifact exposes only single-polynomial prove/verify; refusing to emulate batch with individual worker proofs,blocked fair-sequential row
depcs-basefold-paper-protocol11-batch,basefold,8,paper-network-protocol11-batch,protocol11-batch,2,20,1048576,0.0,0.0,0.0,0.0,0.0,,,,not_applicable,,unknown,,,,,,,0.0,0.0,0.0,0.0,0.0,0.0,0.0,0.0,0.0,0.0,0.0,0.0,0.0,0.0,0.0,,,,,,,,,,,,,,query-unified,1,20,2,10,deepfold-bench-v0.1-paper-artifact,Mersenne61Ext,Blake3,3,100,0,false,deepfold-bench-v0.1,blocked,batch_unavailable_basefold_artifact_no_batch_api: BaseFold artifact exposes only single-polynomial prove/verify; refusing to emulate batch with individual worker proofs,blocked fair-sequential row
depcs-basefold-paper-protocol11-batch,basefold,8,paper-network-protocol11-batch,protocol11-batch,2,21,2097152,0.0,0.0,0.0,0.0,0.0,,,,not_applicable,,unknown,,,,,,,0.0,0.0,0.0,0.0,0.0,0.0,0.0,0.0,0.0,0.0,0.0,0.0,0.0,0.0,0.0,,,,,,,,,,,,,,query-unified,1,20,2,10,deepfold-bench-v0.1-paper-artifact,Mersenne61Ext,Blake3,3,100,0,false,deepfold-bench-v0.1,blocked,batch_unavailable_basefold_artifact_no_batch_api: BaseFold artifact exposes only single-polynomial prove/verify; refusing to emulate batch with individual worker proofs,blocked fair-sequential row
depcs-basefold-paper-protocol11-batch,basefold,8,paper-network-protocol11-batch,protocol11-batch,2,22,4194304,0.0,0.0,0.0,0.0,0.0,,,,not_applicable,,unknown,,,,,,,0.0,0.0,0.0,0.0,0.0,0.0,0.0,0.0,0.0,0.0,0.0,0.0,0.0,0.0,0.0,,,,,,,,,,,,,,query-unified,1,20,2,10,deepfold-bench-v0.1-paper-artifact,Mersenne61Ext,Blake3,3,100,0,false,deepfold-bench-v0.1,blocked,batch_unavailable_basefold_artifact_no_batch_api: BaseFold artifact exposes only single-polynomial prove/verify; refusing to emulate batch with individual worker proofs,blocked fair-sequential row
depcs-basefold-paper-protocol11-batch,basefold,8,paper-network-protocol11-batch,protocol11-batch,2,23,8388608,0.0,0.0,0.0,0.0,0.0,,,,not_applicable,,unknown,,,,,,,0.0,0.0,0.0,0.0,0.0,0.0,0.0,0.0,0.0,0.0,0.0,0.0,0.0,0.0,0.0,,,,,,,,,,,,,,query-unified,1,20,2,10,deepfold-bench-v0.1-paper-artifact,Mersenne61Ext,Blake3,3,100,0,false,deepfold-bench-v0.1,blocked,batch_unavailable_basefold_artifact_no_batch_api: BaseFold artifact exposes only single-polynomial prove/verify; refusing to emulate batch with individual worker proofs,blocked fair-sequential row
depcs-basefold-paper-protocol11-batch,basefold,8,paper-network-protocol11-batch,protocol11-batch,2,24,16777216,0.0,0.0,0.0,0.0,0.0,,,,not_applicable,,unknown,,,,,,,0.0,0.0,0.0,0.0,0.0,0.0,0.0,0.0,0.0,0.0,0.0,0.0,0.0,0.0,0.0,,,,,,,,,,,,,,query-unified,1,20,2,10,deepfold-bench-v0.1-paper-artifact,Mersenne61Ext,Blake3,3,100,0,false,deepfold-bench-v0.1,blocked,batch_unavailable_basefold_artifact_no_batch_api: BaseFold artifact exposes only single-polynomial prove/verify; refusing to emulate batch with individual worker proofs,blocked fair-sequential row
LigeSIS dLigesis,ligesis,0,local,dligesis,2,18,262144,84.202,320.54,14.221,404.742,218.51,,218.51,28006.4,scheme_native_reported,28006.4,scheme_native_reported,,223754.24,28678553.6,,,,0.0,0.0,0.0,0.0,0.0,0.0,0.0,0.0,0.0,0.0,0.0,0.0,0.0,0.0,0.0,,,,,,,,,,,,,,scheme-native-ligesis,0,20,2,10,vendored-ligesis-native,,,0,0,0,unknown,,1,,local LigeSIS run; party_RAYON_NUM_THREADS=10; total_party_processes=2; log_m=5; base_mu=14; query_count_semantics=scheme-native-ligesis
LigeSIS dLigesis,ligesis,0,local,dligesis,2,19,524288,127.638,331.411,19.09,459.049,222.26,,222.26,38717.44,scheme_native_reported,38717.44,scheme_native_reported,,227594.24,39646658.56,,,,0.0,0.0,0.0,0.0,0.0,0.0,0.0,0.0,0.0,0.0,0.0,0.0,0.0,0.0,0.0,,,,,,,,,,,,,,scheme-native-ligesis,0,20,2,10,vendored-ligesis-native,,,0,0,0,unknown,,1,,local LigeSIS run; party_RAYON_NUM_THREADS=10; total_party_processes=2; log_m=5; base_mu=14; query_count_semantics=scheme-native-ligesis
LigeSIS dLigesis,ligesis,0,local,dligesis,2,20,1048576,202.852,594.338,28.174,797.1899999999999,241.47,,241.47,55941.12,scheme_native_reported,55941.12,scheme_native_reported,,247265.28,57283706.88,,,,0.0,0.0,0.0,0.0,0.0,0.0,0.0,0.0,0.0,0.0,0.0,0.0,0.0,0.0,0.0,,,,,,,,,,,,,,scheme-native-ligesis,0,20,2,10,vendored-ligesis-native,,,0,0,0,unknown,,1,,local LigeSIS run; party_RAYON_NUM_THREADS=10; total_party_processes=2; log_m=6; base_mu=15; query_count_semantics=scheme-native-ligesis
LigeSIS dLigesis,ligesis,0,local,dligesis,2,21,2097152,328.49,658.181,38.408,986.671,245.3,,245.3,77373.44,scheme_native_reported,77373.44,scheme_native_reported,,251187.2,79230402.56,,,,0.0,0.0,0.0,0.0,0.0,0.0,0.0,0.0,0.0,0.0,0.0,0.0,0.0,0.0,0.0,,,,,,,,,,,,,,scheme-native-ligesis,0,20,2,10,vendored-ligesis-native,,,0,0,0,unknown,,1,,local LigeSIS run; party_RAYON_NUM_THREADS=10; total_party_processes=2; log_m=6; base_mu=15; query_count_semantics=scheme-native-ligesis
LigeSIS dLigesis,ligesis,0,local,dligesis,2,22,4194304,493.225,1223.617,55.55,1716.842,265.57,,265.57,111831.04,scheme_native_reported,111831.04,scheme_native_reported,,271943.68,114514984.96,,,,0.0,0.0,0.0,0.0,0.0,0.0,0.0,0.0,0.0,0.0,0.0,0.0,0.0,0.0,0.0,,,,,,,,,,,,,,scheme-native-ligesis,0,20,2,10,vendored-ligesis-native,,,0,0,0,unknown,,1,,local LigeSIS run; party_RAYON_NUM_THREADS=10; total_party_processes=2; log_m=7; base_mu=16; query_count_semantics=scheme-native-ligesis
LigeSIS dLigesis,ligesis,0,local,dligesis,2,23,8388608,984.825,1389.442,79.479,2374.267,269.48999999999995,,269.48999999999995,154716.16,scheme_native_reported,154716.16,scheme_native_reported,,275957.75999999995,158429347.84,,,,0.0,0.0,0.0,0.0,0.0,0.0,0.0,0.0,0.0,0.0,0.0,0.0,0.0,0.0,0.0,,,,,,,,,,,,,,scheme-native-ligesis,0,20,2,10,vendored-ligesis-native,,,0,0,0,unknown,,1,,local LigeSIS run; party_RAYON_NUM_THREADS=10; total_party_processes=2; log_m=7; base_mu=16; query_count_semantics=scheme-native-ligesis
LigeSIS dLigesis,ligesis,0,local,dligesis,2,24,16777216,1609.093,2522.542,115.565,4131.635,290.82,,290.82,223621.12,scheme_native_reported,223621.12,scheme_native_reported,,297799.68,228988026.88,,,,0.0,0.0,0.0,0.0,0.0,0.0,0.0,0.0,0.0,0.0,0.0,0.0,0.0,0.0,0.0,,,,,,,,,,,,,,scheme-native-ligesis,0,20,2,10,vendored-ligesis-native,,,0,0,0,unknown,,1,,local LigeSIS run; party_RAYON_NUM_THREADS=10; total_party_processes=2; log_m=8; base_mu=17; query_count_semantics=scheme-native-ligesis
dFRIttata-PCS,frittata,0,local,dfrittata,2,18,262144,130.07,3.359,8.525,133.429,976.02,,976.02,4372.306640625,scheme_native_reported,4372.306640625,scheme_native_reported,,999444.48,4477242.0,,,,0.0,0.0,0.0,0.0,0.0,0.0,0.0,0.0,0.0,0.0,0.0,0.0,0.0,0.0,0.0,,,,,,,,,282.0,,282.0,,,scheme-native-external,282,20,2,10,vendored-frittata-native,,,0,0,0,unknown,,1,,local dFRIttata-PCS run; party_RAYON_NUM_THREADS=10; total_party_processes=2; query_count=282.0; query_count_semantics=scheme-native-external
dFRIttata-PCS,frittata,0,local,dfrittata,2,19,524288,259.075,3.923,9.599,262.998,1116.759,,1116.759,8492.962890625,scheme_native_reported,8492.962890625,scheme_native_reported,,1143561.216,8696794.0,,,,0.0,0.0,0.0,0.0,0.0,0.0,0.0,0.0,0.0,0.0,0.0,0.0,0.0,0.0,0.0,,,,,,,,,282.0,,282.0,,,scheme-native-external,282,20,2,10,vendored-frittata-native,,,0,0,0,unknown,,1,,local dFRIttata-PCS run; party_RAYON_NUM_THREADS=10; total_party_processes=2; query_count=282.0; query_count_semantics=scheme-native-external
dFRIttata-PCS,frittata,0,local,dfrittata,2,20,1048576,525.378,5.069,11.251,530.447,1267.948,,1267.948,16713.181640625,scheme_native_reported,16713.181640625,scheme_native_reported,,1298378.752,17114298.0,,,,0.0,0.0,0.0,0.0,0.0,0.0,0.0,0.0,0.0,0.0,0.0,0.0,0.0,0.0,0.0,,,,,,,,,282.0,,282.0,,,scheme-native-external,282,20,2,10,vendored-frittata-native,,,0,0,0,unknown,,1,,local dFRIttata-PCS run; party_RAYON_NUM_THREADS=10; total_party_processes=2; query_count=282.0; query_count_semantics=scheme-native-external
dFRIttata-PCS,frittata,0,local,dfrittata,2,21,2097152,1072.11,8.074,11.555,1080.184,1428.195,,1428.195,33124.275390625,scheme_native_reported,33124.275390625,scheme_native_reported,,1462471.68,33919258.0,,,,0.0,0.0,0.0,0.0,0.0,0.0,0.0,0.0,0.0,0.0,0.0,0.0,0.0,0.0,0.0,,,,,,,,,282.0,,282.0,,,scheme-native-external,282,20,2,10,vendored-frittata-native,,,0,0,0,unknown,,1,,local dFRIttata-PCS run; party_RAYON_NUM_THREADS=10; total_party_processes=2; query_count=282.0; query_count_semantics=scheme-native-external
dFRIttata-PCS,frittata,0,local,dfrittata,2,22,4194304,2128.431,11.896,12.949,2140.327,1592.704,,1592.704,65918.306640625,scheme_native_reported,65918.306640625,scheme_native_reported,,1630928.896,67500346.0,,,,0.0,0.0,0.0,0.0,0.0,0.0,0.0,0.0,0.0,0.0,0.0,0.0,0.0,0.0,0.0,,,,,,,,,282.0,,282.0,,,scheme-native-external,282,20,2,10,vendored-frittata-native,,,0,0,0,unknown,,1,,local dFRIttata-PCS run; party_RAYON_NUM_THREADS=10; total_party_processes=2; query_count=282.0; query_count_semantics=scheme-native-external
dFRIttata-PCS,frittata,0,local,dfrittata,2,23,8388608,4273.004,25.89,13.486,4298.894,1765.604,,1765.604,131477.462890625,scheme_native_reported,131477.462890625,scheme_native_reported,,1807978.496,134632922.0,,,,0.0,0.0,0.0,0.0,0.0,0.0,0.0,0.0,0.0,0.0,0.0,0.0,0.0,0.0,0.0,,,,,,,,,282.0,,282.0,,,scheme-native-external,282,20,2,10,vendored-frittata-native,,,0,0,0,unknown,,1,,local dFRIttata-PCS run; party_RAYON_NUM_THREADS=10; total_party_processes=2; query_count=282.0; query_count_semantics=scheme-native-external
dFRIttata-PCS,frittata,0,local,dfrittata,2,24,16777216,8720.418,43.899,15.853,8764.317,1966.785,,1966.785,262578.181640625,scheme_native_reported,262578.181640625,scheme_native_reported,,2013987.84,268880058.0,,,,0.0,0.0,0.0,0.0,0.0,0.0,0.0,0.0,0.0,0.0,0.0,0.0,0.0,0.0,0.0,,,,,,,,,282.0,,282.0,,,scheme-native-external,282,20,2,10,vendored-frittata-native,,,0,0,0,unknown,,1,,local dFRIttata-PCS run; party_RAYON_NUM_THREADS=10; total_party_processes=2; query_count=282.0; query_count_semantics=scheme-native-external
dPIP-FRI-PCS,pip-fri,0,local,depipfri,2,18,262144,50.705,19.038,1.51,69.743,135.27,,135.27,4292.39453125,scheme_native_reported,4292.39453125,scheme_native_reported,,138516.48,4395412.0,,,,0.0,0.0,0.0,0.0,0.0,0.0,0.0,0.0,0.0,0.0,0.0,0.0,0.0,0.0,0.0,,,,,,,,,50.0,,50.0,,,scheme-native-external,50,20,2,10,vendored-dpip-fri-native,,,0,0,0,unknown,,1,,local dPIP-FRI-PCS run; party_RAYON_NUM_THREADS=10; total_party_processes=2; query_count=50.0; query_count_semantics=scheme-native-external
dPIP-FRI-PCS,pip-fri,0,local,depipfri,2,19,524288,98.926,33.673,1.76,132.599,161.3,,161.3,8538.98828125,scheme_native_reported,8538.98828125,scheme_native_reported,,165171.2,8743924.0,,,,0.0,0.0,0.0,0.0,0.0,0.0,0.0,0.0,0.0,0.0,0.0,0.0,0.0,0.0,0.0,,,,,,,,,50.0,,50.0,,,scheme-native-external,50,20,2,10,vendored-dpip-fri-native,,,0,0,0,unknown,,1,,local dPIP-FRI-PCS run; party_RAYON_NUM_THREADS=10; total_party_processes=2; query_count=50.0; query_count_semantics=scheme-native-external
dPIP-FRI-PCS,pip-fri,0,local,depipfri,2,20,1048576,196.666,61.384,2.253,258.05,183.23,,183.23,16995.30078125,scheme_native_reported,16995.30078125,scheme_native_reported,,187627.52,17403188.0,,,,0.0,0.0,0.0,0.0,0.0,0.0,0.0,0.0,0.0,0.0,0.0,0.0,0.0,0.0,0.0,,,,,,,,,50.0,,50.0,,,scheme-native-external,50,20,2,10,vendored-dpip-fri-native,,,0,0,0,unknown,,1,,local dPIP-FRI-PCS run; party_RAYON_NUM_THREADS=10; total_party_processes=2; query_count=50.0; query_count_semantics=scheme-native-external
dPIP-FRI-PCS,pip-fri,0,local,depipfri,2,21,2097152,432.316,116.968,2.576,549.284,214.61,,214.61,33910.51953125,scheme_native_reported,33910.51953125,scheme_native_reported,,219760.64,34724372.0,,,,0.0,0.0,0.0,0.0,0.0,0.0,0.0,0.0,0.0,0.0,0.0,0.0,0.0,0.0,0.0,,,,,,,,,50.0,,50.0,,,scheme-native-external,50,20,2,10,vendored-dpip-fri-native,,,0,0,0,unknown,,1,,local dPIP-FRI-PCS run; party_RAYON_NUM_THREADS=10; total_party_processes=2; query_count=50.0; query_count_semantics=scheme-native-external
dPIP-FRI-PCS,pip-fri,0,local,depipfri,2,22,4194304,814.402,233.604,2.514,1048.006,243.11,,243.11,67723.95703125,scheme_native_reported,67723.95703125,scheme_native_reported,,248944.64,69349332.0,,,,0.0,0.0,0.0,0.0,0.0,0.0,0.0,0.0,0.0,0.0,0.0,0.0,0.0,0.0,0.0,,,,,,,,,50.0,,50.0,,,scheme-native-external,50,20,2,10,vendored-dpip-fri-native,,,0,0,0,unknown,,1,,local dPIP-FRI-PCS run; party_RAYON_NUM_THREADS=10; total_party_processes=2; query_count=50.0; query_count_semantics=scheme-native-external
dPIP-FRI-PCS,pip-fri,0,local,depipfri,2,23,8388608,1891.029,468.03,2.838,2359.059,287.02,,287.02,135333.39453125,scheme_native_reported,135333.39453125,scheme_native_reported,,293908.48,138581396.0,,,,0.0,0.0,0.0,0.0,0.0,0.0,0.0,0.0,0.0,0.0,0.0,0.0,0.0,0.0,0.0,,,,,,,,,50.0,,50.0,,,scheme-native-external,50,20,2,10,vendored-dpip-fri-native,,,0,0,0,unknown,,1,,local dPIP-FRI-PCS run; party_RAYON_NUM_THREADS=10; total_party_processes=2; query_count=50.0; query_count_semantics=scheme-native-external
dPIP-FRI-PCS,pip-fri,0,local,depipfri,2,24,16777216,3413.878,509.506,3.467,3923.384,334.39,,334.39,266414.89453125,scheme_native_reported,266414.89453125,scheme_native_reported,,342415.36,272808852.0,,,,0.0,0.0,0.0,0.0,0.0,0.0,0.0,0.0,0.0,0.0,0.0,0.0,0.0,0.0,0.0,,,,,,,,,50.0,,50.0,,,scheme-native-external,50,20,2,10,vendored-dpip-fri-native,,,0,0,0,unknown,,1,,local dPIP-FRI-PCS run; party_RAYON_NUM_THREADS=10; total_party_processes=2; query_count=50.0; query_count_semantics=scheme-native-external
